/* Membuat Database Bank dan Mengisi data pada MySQL */

CREATE DATABASE bank;
USE BANK;
  
CREATE TABLE `loan_info` (
  `loan_id` int NOT NULL,
  `user_id` int NOT NULL,
  `last_payment_date` date NOT NULL,
  `payment_instalation` int NOT NULL,
  `date_payable` date NOT NULL
);

INSERT INTO `loan_info` (`loan_id`, `user_id`, `last_payment_date`, `payment_instalation`, `date_payable`) VALUES
(1, 1001, '2024-05-01', 100, '2024-06-01'),
(2, 1002, '2024-05-02', 120, '2024-06-02'),
(3, 1003, '2024-05-03', 90, '2024-06-03'),
(4, 1004, '2024-05-04', 110, '2024-06-04'),
(5, 1005, '2024-05-05', 95, '2024-06-05'),
(6, 1006, '2024-05-06', 105, '2024-06-06'),
(7, 1007, '2024-05-07', 115, '2024-06-07'),
(8, 1008, '2024-05-08', 125, '2024-06-08'),
(9, 1009, '2024-05-09', 130, '2024-06-09'),
(10, 1010, '2024-05-10', 135, '2024-06-10'),
(11, 1011, '2024-05-11', 140, '2024-06-11'),
(12, 1012, '2024-05-12', 145, '2024-06-12'),
(13, 1013, '2024-05-13', 150, '2024-06-13'),
(14, 1014, '2024-05-14', 155, '2024-06-14'),
(15, 1015, '2024-05-15', 160, '2024-06-15'),
(16, 1016, '2024-05-16', 165, '2024-06-16'),
(17, 1017, '2024-05-17', 170, '2024-06-17'),
(18, 1018, '2024-05-18', 175, '2024-06-18'),
(19, 1019, '2024-05-19', 180, '2024-06-19'),
(20, 1020, '2024-05-20', 185, '2024-06-20'),
(21, 1021, '2024-05-21', 190, '2024-06-21'),
(22, 1022, '2024-05-22', 195, '2024-06-22'),
(23, 1023, '2024-05-23', 200, '2024-06-23'),
(24, 1024, '2024-05-24', 205, '2024-06-24'),
(25, 1025, '2024-05-25', 210, '2024-06-25'),
(26, 1026, '2024-05-26', 215, '2024-06-26'),
(27, 1027, '2024-05-27', 220, '2024-06-27'),
(28, 1028, '2024-05-28', 225, '2024-06-28'),
(29, 1029, '2024-05-29', 230, '2024-06-29'),
(30, 1030, '2024-05-30', 235, '2024-06-30'),
(31, 1031, '2024-05-31', 240, '2024-07-01'),
(32, 1032, '2024-06-01', 245, '2024-07-02'),
(33, 1033, '2024-06-02', 250, '2024-07-03'),
(34, 1034, '2024-06-03', 255, '2024-07-04'),
(35, 1035, '2024-06-04', 260, '2024-07-05'),
(36, 1036, '2024-06-05', 265, '2024-07-06'),
(37, 1037, '2024-06-06', 270, '2024-07-07'),
(38, 1038, '2024-06-07', 275, '2024-07-08'),
(39, 1039, '2024-06-08', 280, '2024-07-09'),
(40, 1040, '2024-06-09', 285, '2024-07-10'),
(41, 1041, '2024-06-10', 290, '2024-07-11'),
(42, 1042, '2024-06-11', 295, '2024-07-12'),
(43, 1043, '2024-06-12', 300, '2024-07-13'),
(44, 1044, '2024-06-13', 305, '2024-07-14'),
(45, 1045, '2024-06-14', 310, '2024-07-15'),
(46, 1046, '2024-06-15', 315, '2024-07-16'),
(47, 1047, '2024-06-16', 320, '2024-07-17'),
(48, 1048, '2024-06-17', 325, '2024-07-18'),
(49, 1049, '2024-06-18', 330, '2024-07-19'),
(50, 1050, '2024-06-19', 335, '2024-07-20');


CREATE TABLE `credit_card_info` (
  `user_id` int NOT NULL,
  `cc_number` double NOT NULL,
  `max_credit` int NOT NULL,
  `outstanding_balance` int NOT NULL,
  `due_date` date NOT NULL
);

INSERT INTO `credit_card_info` (`user_id`, `cc_number`, `max_credit`, `outstanding_balance`, `due_date`) VALUES
(1001, 123456789678, 50000, 35000, '2024-05-20'),
(1002, 185643837653, 500000, 300000, '2024-05-31'),
(1003, 107869543243, 150000, 50000, '2024-05-20'),
(1004, 128765976435, 100000, 40000, '2024-05-28'),
(1005, 123435465768, 200000, 100000, '2024-05-27'),
(1006, 193847563728, 75000, 50000, '2024-06-01'),
(1007, 165384759304, 300000, 200000, '2024-06-02'),
(1008, 198273645810, 85000, 60000, '2024-06-06'),
(1009, 176485920384, 350000, 220000, '2024-06-07'),
(1010, 156789034758, 135000, 80000, '2024-06-08'),
(1011, 149203857624, 220000, 110000, '2024-06-09'),
(1012, 132948576203, 450000, 300000, '2024-06-10'),
(1013, 126384957029, 95000, 65000, '2024-06-11'),
(1014, 183746920384, 400000, 250000, '2024-06-12'),
(1015, 107869534758, 150000, 80000, '2024-06-13'),
(1016, 178932045782, 230000, 120000, '2024-06-14'),
(1017, 149237850324, 475000, 320000, '2024-06-15'),
(1018, 198365749203, 105000, 70000, '2024-06-16'),
(1019, 163847205948, 450000, 270000, '2024-06-17'),
(1020, 107834592037, 165000, 90000, '2024-06-18'),
(1021, 124895732045, 240000, 130000, '2024-06-19'),
(1022, 139872540823, 500000, 350000, '2024-06-20'),
(1023, 168739205874, 115000, 75000, '2024-06-21'),
(1024, 182034795820, 500000, 300000, '2024-06-22'),
(1025, 197485920384, 175000, 100000, '2024-06-23'),
(1026, 124759038475, 250000, 140000, '2024-06-24'),
(1027, 168349205874, 525000, 370000, '2024-06-25'),
(1028, 138475902384, 125000, 80000, '2024-06-26'),
(1029, 123475982037, 550000, 320000, '2024-06-27'),
(1030, 149283475920, 185000, 110000, '2024-06-28'),
(1031, 107385749238, 260000, 150000, '2024-06-29'),
(1032, 139582740923, 550000, 400000, '2024-06-30'),
(1033, 178239504873, 135000, 85000, '2024-07-01'),
(1034, 109237540823, 600000, 350000, '2024-07-02'),
(1035, 137485920384, 195000, 120000, '2024-07-03'),
(1036, 108237490238, 270000, 160000, '2024-07-04'),
(1037, 178394205874, 600000, 425000, '2024-07-05'),
(1038, 128739540823, 145000, 90000, '2024-07-06'),
(1039, 107294850923, 650000, 380000, '2024-07-07'),
(1040, 167839204758, 205000, 130000, '2024-07-08'),
(1041, 129384750923, 280000, 170000, '2024-07-09'),
(1042, 107384905823, 650000, 450000, '2024-07-10'),
(1043, 139587340923, 155000, 95000, '2024-07-11'),
(1044, 197485320984, 700000, 400000, '2024-07-12'),
(1045, 107594850923, 215000, 140000, '2024-07-13'),
(1046, 198237490238, 300000, 180000, '2024-07-14'),
(1047, 137485320984, 675000, 475000, '2024-07-15'),
(1048, 174859302847, 125000, 70000, '2024-06-03'),
(1049, 163728495048, 200000, 100000, '2024-06-04'),
(1050, 187594820385, 400000, 250000, '2024-06-05');


CREATE TABLE `shares_info` (
  `share_id` int NOT NULL,
  `company_name` varchar(30) NOT NULL,
  `timestamp` timestamp NOT NULL,
  `share_price` int NOT NULL
);

INSERT INTO `shares_info` (`share_id`, `company_name`, `timestamp`, `share_price`) VALUES
(100, 'AnneCorp', '2024-05-05 17:00:00', 80),
(102, 'FlyCorp', '2024-04-15 17:00:00', 100),
(109, 'BoboCorp', '2024-04-30 17:00:00', 110),
(140, 'YouCorp', '2024-04-29 17:00:00', 100),
(201, 'MyCorp', '2024-05-01 17:00:00', 120),
(205, 'TechCorp', '2024-05-07 18:00:00', 95),
(208, 'GloboCorp', '2024-05-10 19:00:00', 130),
(210, 'GlobalCorp', '2024-05-12 20:00:00', 105),
(215, 'DataCorp', '2024-05-14 21:00:00', 115),
(220, 'AlphaCorp', '2024-05-15 22:00:00', 125),
(225, 'BetaCorp', '2024-05-17 23:00:00', 135),
(230, 'GammaCorp', '2024-05-19 00:00:00', 145),
(235, 'DeltaCorp', '2024-05-20 01:00:00', 155),
(240, 'EpsilonCorp', '2024-05-22 02:00:00', 165),
(245, 'ZetaCorp', '2024-05-24 03:00:00', 175),
(250, 'EtaCorp', '2024-05-26 04:00:00', 185),
(255, 'ThetaCorp', '2024-05-27 05:00:00', 195),
(260, 'IotaCorp', '2024-05-29 06:00:00', 205),
(265, 'KappaCorp', '2024-05-31 07:00:00', 215),
(270, 'LambdaCorp', '2024-06-01 08:00:00', 225),
(275, 'MuCorp', '2024-06-03 09:00:00', 235),
(280, 'NuCorp', '2024-06-05 10:00:00', 245),
(285, 'XiCorp', '2024-06-07 11:00:00', 255),
(290, 'OmicronCorp', '2024-06-08 12:00:00', 265),
(295, 'PiCorp', '2024-06-10 13:00:00', 275),
(300, 'RhoCorp', '2024-06-12 14:00:00', 285),
(305, 'SigmaCorp', '2024-06-14 15:00:00', 295),
(310, 'TauCorp', '2024-06-15 16:00:00', 305),
(315, 'UpsilonCorp', '2024-06-17 17:00:00', 315),
(320, 'PhiCorp', '2024-06-19 18:00:00', 325),
(325, 'ChiCorp', '2024-06-21 19:00:00', 335),
(330, 'PsiCorp', '2024-06-22 20:00:00', 345),
(335, 'OmegaCorp', '2024-06-24 21:00:00', 355),
(340, 'SuperCorp', '2024-06-26 22:00:00', 365),
(345, 'HyperCorp', '2024-06-28 23:00:00', 375),
(350, 'MegaCorp', '2024-06-29 00:00:00', 385),
(355, 'UltraCorp', '2024-07-01 01:00:00', 395),
(360, 'PowerCorp', '2024-07-03 02:00:00', 405),
(365, 'DynamicCorp', '2024-07-05 03:00:00', 415),
(370, 'MajesticCorp', '2024-07-06 04:00:00', 425),
(375, 'SupremeCorp', '2024-07-08 05:00:00', 435),
(380, 'UltimateCorp', '2024-07-10 06:00:00', 445),
(385, 'PremiumCorp', '2024-07-12 07:00:00', 455),
(390, 'ApexCorp', '2024-07-13 08:00:00', 465),
(395, 'PrimeCorp', '2024-07-15 09:00:00', 475),
(400, 'EliteCorp', '2024-07-17 10:00:00', 485),
(405, 'EpicCorp', '2024-07-18 11:00:00', 495),
(410, 'ChampionCorp', '2024-07-20 12:00:00', 505),
(415, 'VictoryCorp', '2024-07-22 13:00:00', 515);


COMMIT;

/* Mengecek data pada database bank di MySQL */
SELECT * FROM loan_info;
SELECT * FROM credit_card_info;
SELECT * FROM shares_info;

/* Membuat user baru pada MySQL */
CREATE USER 'admin'@'localhost' IDENTIFIED BY 'admin';
GRANT ALL ON *.* TO 'admin'@'localhost' WITH GRANT OPTION;
FLUSH PRIVILEGES;
COMMIT;
